pet_id,id,vaccine_id,date_given,next_due_date,lot_number,status,administered_by,clinic_name
69b89495e67f7e097caf7855,69bae378bcaeebcbc578169e,69b96bd68dd17e197fe2d89f,2026-03-17,2027-03-18,5128-6547-321,overdue,Dr. Lampard,Happy Pet Clinic
69b89495e67f7e097caf7855,69bae378bcaeebcbc578169f,69b96c038dd17e197fe2d8a0,2026-03-17,2027-03-17,,overdue,Dr. Cole,
69b89495e67f7e097caf7855,69bb25a283b4279dd853d51a,69b96bc18dd17e197fe2d89e,2026-03-25,2027-03-25,,overdue,doctor,
69b89495e67f7e097caf7855,69bb25fd83b4279dd853d51b,69bae547b8fc9ad776db1870,2026-03-31,2027-03-31,,upcoming,Doctor Jackson,
69b970b38dd17e197fe2d8a3,69bae378bcaeebcbc57816a0,69b96bac8dd17e197fe2d89d,2026-03-18,2027-03-18,,completed,Dr. Keegan,
69b970b38dd17e197fe2d8a3,69bad4e7eb0c9a9f9e6b6484,69bae547b8fc9ad776db1871,2026-03-08,2027-03-08,,completed,Dr. Charlton,
69b970b38dd17e197fe2d8a3,69bc1f9e1b8ae5e2020e9fe5,69bae549b8fc9ad776db1876,2026-03-18,2027-03-18,,completed,,
69b970b38dd17e197fe2d8a3,69bc20a41b8ae5e2020e9fe6,69bae549b8fc9ad776db1876,2026-03-11,2027-03-11,,completed,,
69b9a2bad175af1f9b214e53,69bae378bcaeebcbc57816a2,69baccd8ed5f69a28628682f,2026-03-10,2026-07-21,,completed,Dr Manuela,
69b9b0a8eda7eb27a771928e,,69bae546b8fc9ad776db186f,2026-03-31,2027-03-31,,completed,Doctor Smith,
69b9d10d7f33e7fd442d742b,69bb602f199007185a473e8c,69bae549b8fc9ad776db1876,2026-03-18,2027-03-18,,completed,Dr. Mafe,
69b9d10d7f33e7fd442d742b,69bb6b959fd9b989acbb3d8a,69b96bc18dd17e197fe2d89e,2025-03-11,2026-03-11,,completed,,
69b9d10d7f33e7fd442d742b,69bb6e659fd9b989acbb3d8b,69bae548b8fc9ad776db1872,2025-02-12,2026-02-12,,completed,,
69b9d10d7f33e7fd442d742b,69bc206fa67959a84a0a6dad,69bae549b8fc9ad776db1876,2026-03-20,2027-03-20,,completed,juan,
69bac061f53e6b4836187cdc,69bb506a80bd06e176e42531,000000000000000000000000,2025-02-01,2026-02-02,,completed,,
69bae6d7f1161fd793537d62,69bcba28094700f7b22a8ab3,69b32e337817b03667ee2a46,2026-03-18,2027-03-19,33,completed,dr molina,
69bb10eca47e2f3631d80603,69bb1100a47e2f3631d80604,69bae549b8fc9ad776db1876,2026-03-19,2027-03-19,,completed,,
69bb61316211d7595a73f68b,69bb80c8f4974a10817a30f1,000000000000000000000000,2025-02-03,,,completed,,
69bb61316211d7595a73f68b,69bb80f4f4974a10817a30f2,000000000000000000000000,2024-03-19,,,completed,,
69bb61316211d7595a73f68b,69bbf4c96fe1f51e3dec840c,69b32e337817b03667ee2a46,2026-03-18,,,completed,,
69bb6f626b701b33a5a74573,69bb7a49244df796f494a861,69b96bac8dd17e197fe2d89d,2026-03-25,2027-03-25,,completed,,
69bb7b1f5b22f09d59bfd933,69bb81b4f4974a10817a30f3,69b32e337817b03667ee2a46,2024-03-19,,,completed,,
69bba93958baacd6e229ab2e,69bbad071e0db3f17d544d5d,69b96b8d8dd17e197fe2d89c,2026-03-04,,,completed,,
69bba93958baacd6e229ab2e,69bbbb3873ce474f9764c730,69bae547b8fc9ad776db1870,2026-03-12,2027-03-19,LOT1234,completed,Dr. Manuela,
69bba93958baacd6e229ab2e,69bbc7e088d5afdbc878d72e,69bae546b8fc9ad776db186f,2026-03-19,,,completed,,
69bc3a493a2568613150f8e1,69bc3a8b3a2568613150f8e2,69b32e337817b03667ee2a46,2026-03-21,2028-03-24,1,completed,si,
69bcd82e094700f7b22a8b02,69bcfb08094700f7b22a8b8f,69b96b8d8dd17e197fe2d89c,2026-03-20,2027-03-20,19,completed,dr,
69bcd82e094700f7b22a8b02,69bcfbdc094700f7b22a8baf,69b96b8d8dd17e197fe2d89c,2026-03-31,,,completed,,
69bd6ee0982704c4111ddb1d,69bd6f8d982704c4111ddb2f,69b96bac8dd17e197fe2d89d,2026-03-20,2026-05-29,Lot123,completed,Dr. Smith,
69bd6f10be85fc47af7cf214,69bd6fcebe85fc47af7cf22b,69b32e337817b03667ee2a46,2026-03-28,2026-03-03,ssssssssssssssssssssssssssssss,completed,aaaaaaaaaaaaaaaaaaaaaaaaaaaaaaaaaaaaaaaaaaaaaaaaaaaaaaaaaaaa,
69bd7ca9b6ffbf97beccf2d7,69bd7cfcb6ffbf97beccf2f6,69b96b8d8dd17e197fe2d89c,2026-03-20,2027-03-20,Lot123,completed,Dr Smith,
69bd7ca9b6ffbf97beccf2d7,69bd9906e24dd546cd810075,69bae54ab8fc9ad776db1879,2026-03-11,2026-03-18,kskskskd,completed,kajsjd,
69bdddca6f68e2757e2140df,69bde4c66f68e2757e21410f,69b96c208dd17e197fe2d8a2,2026-03-18,,,completed,,
